Precinct,Registered Voters,Ballots Cast,Rachel Ruttenberg,Patrick Hanley,Total Votes
EVANSTON 1-1,"1,338",176,60,87,147
EVANSTON 1-2,985,377,177,163,340
EVANSTON 1-3,"1,044",368,184,153,337
EVANSTON 1-4,"1,399",683,292,315,607
EVANSTON 2-1,"2,204",718,350,303,653
EVANSTON 2-2,809,302,166,121,287
EVANSTON 2-3,"1,210",327,161,137,298
EVANSTON 2-4,"1,533",519,239,234,473
EVANSTON 2-5,517,193,94,90,184
EVANSTON 3-1,"1,059",447,239,176,415
EVANSTON 3-2,"1,251",500,232,230,462
EVANSTON 3-3,"1,382",600,316,241,557
EVANSTON 3-4,"1,653",638,286,307,593
EVANSTON 3-5,"1,224",446,199,211,410
EVANSTON 4-1,600,244,113,120,233
EVANSTON 4-2,861,332,138,175,313
EVANSTON 4-3,758,231,109,101,210
EVANSTON 4-4,"1,480",746,387,314,701
EVANSTON 4-5,496,227,115,103,218
EVANSTON 4-6,"1,327",525,259,225,484
EVANSTON 4-7,536,217,106,90,196
EVANSTON 5-1,"1,526",353,159,159,318
EVANSTON 5-2,"1,660",440,204,189,393
EVANSTON 5-3,"1,685",359,150,176,326
EVANSTON 6-1,"1,487",680,271,361,632
EVANSTON 6-2,766,403,184,208,392
EVANSTON 6-3,794,380,191,170,361
EVANSTON 6-4,"1,557",734,291,385,676
EVANSTON 6-5,"1,301",584,272,288,560
EVANSTON 6-6,"1,348",631,296,295,591
EVANSTON 7-1,"1,440",678,341,295,636
EVANSTON 7-2,"1,644",703,285,381,666
EVANSTON 7-3,565,27,4,12,16
EVANSTON 7-4,835,432,212,192,404
EVANSTON 7-5,"1,373",602,291,253,544
EVANSTON 8-1,"1,163",394,217,152,369
EVANSTON 8-2,"1,050",286,144,126,270
EVANSTON 8-3,"1,004",200,99,86,185
EVANSTON 8-4,960,415,222,170,392
EVANSTON 8-5,"1,415",421,218,177,395
EVANSTON 9-1,851,307,152,137,289
EVANSTON 9-2,"1,792",835,443,341,784
EVANSTON 9-3,"1,387",607,311,267,578
EVANSTON 9-4,"1,501",665,306,314,620
EVANSTON 9-5,912,335,153,158,311
MAINE 31,"1,183",108,48,47,95
MAINE 44,712,162,60,85,145
MAINE 52,861,218,77,127,204
MAINE 74,895,161,77,73,150
MAINE 76,632,94,28,55,83
NEW TRIER 3,"1,061",329,102,201,303
NEW TRIER 6,716,0,0,0,0
NEW TRIER 8,926,143,22,100,122
NEW TRIER 9,"1,190",230,29,184,213
NEW TRIER 10,"1,089",209,30,158,188
NEW TRIER 11,"1,398",239,41,177,218
NEW TRIER 12,"1,309",214,33,172,205
NEW TRIER 13,"1,579",376,140,199,339
NEW TRIER 14,"1,230",236,45,170,215
NEW TRIER 15,"1,544",154,40,92,132
NEW TRIER 16,"1,503",243,25,204,229
NEW TRIER 17,"1,027",337,111,203,314
NEW TRIER 18,791,213,48,141,189
NEW TRIER 19,"1,731",223,26,174,200
NEW TRIER 20,"1,666",0,0,0,0
NEW TRIER 21,"1,251",356,144,186,330
NEW TRIER 22,"1,077",154,34,109,143
NEW TRIER 23,"1,129",164,34,103,137
NEW TRIER 24,"1,485",291,135,138,273
NEW TRIER 25,903,204,57,131,188
NEW TRIER 26,"1,726",496,168,295,463
NEW TRIER 27,"1,086",355,93,237,330
NEW TRIER 28,655,136,41,83,124
NEW TRIER 29,988,211,54,125,179
NEW TRIER 30,"1,238",291,74,196,270
NEW TRIER 31,"1,140",301,80,202,282
NEW TRIER 32,979,337,54,258,312
NEW TRIER 33,"1,213",446,119,287,406
NEW TRIER 34,956,245,107,110,217
NEW TRIER 35,579,196,59,120,179
NEW TRIER 36,"1,420",491,126,318,444
NEW TRIER 37,"1,119",396,131,219,350
NEW TRIER 38,"1,235",408,126,250,376
NEW TRIER 39,790,211,77,114,191
NILES 3,"1,750",254,74,159,233
NILES 7,"1,983",332,168,138,306
NILES 8,523,207,134,54,188
NILES 11,609,122,64,48,112
NILES 14,"1,428",383,235,122,357
NILES 18,"1,763",599,331,204,535
NILES 19,"1,202",509,416,55,471
NILES 21,"1,558",628,411,173,584
NILES 22,"1,314",188,93,71,164
NILES 23,"1,215",384,246,104,350
NILES 27,"1,297",34,25,8,33
NILES 28,"1,030",453,284,134,418
NILES 31,"1,627",393,183,172,355
NILES 32,604,131,75,47,122
NILES 33,"1,449",192,106,67,173
NILES 36,819,179,79,79,158
NILES 37,"1,252",243,134,91,225
NILES 41,"1,368",214,83,96,179
NILES 45,860,266,132,103,235
NILES 47,647,224,149,63,212
NILES 48,"1,311",187,87,77,164
NILES 49,"1,203",522,291,197,488
NILES 57,"1,532",123,43,68,111
NILES 59,"1,808",387,142,195,337
NILES 60,"1,734",377,197,130,327
NILES 62,873,148,76,60,136
NORTHFIELD 4,"1,156",219,93,97,190
NORTHFIELD 5,865,150,93,47,140
NORTHFIELD 6,"1,160",248,82,143,225
NORTHFIELD 7,"1,578",377,182,143,325
NORTHFIELD 10,"1,036",201,100,89,189
NORTHFIELD 11,"1,494",47,24,15,39
NORTHFIELD 12,"1,705",439,153,243,396
NORTHFIELD 13,989,194,82,87,169
NORTHFIELD 14,"1,063",39,17,18,35
NORTHFIELD 19,"1,361",297,125,145,270
NORTHFIELD 20,"1,070",248,155,70,225
NORTHFIELD 21,"1,581",375,146,196,342
NORTHFIELD 24,"1,013",249,97,131,228
NORTHFIELD 25,"1,034",201,106,86,192
NORTHFIELD 30,"1,082",302,109,172,281
NORTHFIELD 33,"1,078",89,36,41,77
NORTHFIELD 34,776,188,68,101,169
NORTHFIELD 38,903,196,83,96,179
NORTHFIELD 41,909,251,142,92,234
NORTHFIELD 42,"1,151",203,97,94,191
NORTHFIELD 43,"1,183",233,151,62,213
NORTHFIELD 44,811,197,79,107,186
NORTHFIELD 45,837,175,88,75,163
NORTHFIELD 48,"1,015",207,90,95,185
NORTHFIELD 49,"1,157",145,63,68,131
NORTHFIELD 50,"1,439",44,29,13,42
NORTHFIELD 51,"3,043",621,267,313,580
NORTHFIELD 52,904,268,104,150,254
NORTHFIELD 53,"1,073",258,155,81,236
NORTHFIELD 56,"1,466",9,4,4,8
NORTHFIELD 57,820,163,88,66,154